date,hour,MCP,load,res,net_load,ramp,abs_ramp
2025-01-01,0,138.7,4614,634,3980,,
2025-01-01,1,134.06,4359,677,3682,-298.0,298.0
2025-01-01,2,124.42,4186,618,3568,-114.0,114.0
2025-01-01,3,118.6,3959,658,3301,-267.0,267.0
2025-01-01,4,112.38,3793,634,3159,-142.0,142.0
2025-01-01,5,108.0,3770,634,3136,-23.0,23.0
2025-01-01,6,107.99,3889,568,3321,185.0,185.0
2025-01-01,7,96.63,4111,566,3545,224.0,224.0
2025-01-01,8,29.22,3882,670,3212,-333.0,333.0
2025-01-01,9,41.43,2919,1319,1600,-1612.0,1612.0
2025-01-01,10,28.98,2130,1689,441,-1159.0,1159.0
2025-01-01,11,32.8,1818,1869,-51,-492.0,492.0
2025-01-01,12,36.56,1673,1909,-236,-185.0,185.0
2025-01-01,13,53.17,1591,1836,-245,-9.0,9.0
2025-01-01,14,66.8,1676,1631,45,290.0,290.0
2025-01-01,15,90.51,2627,1143,1484,1439.0,1439.0
2025-01-01,16,120.79,4116,483,3633,2149.0,2149.0
2025-01-01,17,145.37,5019,141,4878,1245.0,1245.0
2025-01-01,18,142.1,5465,82,5383,505.0,505.0
2025-01-01,19,149.55,5575,66,5509,126.0,126.0
2025-01-01,20,139.62,5567,71,5496,-13.0,13.0
2025-01-01,21,131.4,5438,81,5357,-139.0,139.0
2025-01-01,22,118.02,5182,116,5066,-291.0,291.0
2025-01-01,23,116.67,4865,136,4729,-337.0,337.0
2025-01-02,0,118.84,4503,202,4301,,
2025-01-02,1,126.09,4127,223,3904,-397.0,397.0
2025-01-02,2,117.47,3936,188,3748,-156.0,156.0
2025-01-02,3,110.0,3785,205,3580,-168.0,168.0
2025-01-02,4,104.08,3754,295,3459,-121.0,121.0
2025-01-02,5,109.01,3864,364,3500,41.0,41.0
2025-01-02,6,114.75,4142,348,3794,294.0,294.0
2025-01-02,7,139.0,4598,349,4249,455.0,455.0
2025-01-02,8,129.07,4715,569,4146,-103.0,103.0
2025-01-02,9,122.69,4064,1250,2814,-1332.0,1332.0
2025-01-02,10,113.0,3239,1823,1416,-1398.0,1398.0
2025-01-02,11,102.32,2824,2107,717,-699.0,699.0
2025-01-02,12,102.96,2776,2185,591,-126.0,126.0
2025-01-02,13,109.0,2808,2201,607,16.0,16.0
2025-01-02,14,124.51,3127,2033,1094,487.0,487.0
2025-01-02,15,130.11,3861,1743,2118,1024.0,1024.0
2025-01-02,16,159.64,5063,1191,3872,1754.0,1754.0
2025-01-02,17,170.0,5879,907,4972,1100.0,1100.0
2025-01-02,18,159.64,6297,923,5374,402.0,402.0
2025-01-02,19,159.64,6308,1016,5292,-82.0,82.0
2025-01-02,20,131.19,6288,1158,5130,-162.0,162.0
2025-01-02,21,123.8,5987,1215,4772,-358.0,358.0
2025-01-02,22,116.81,5539,1307,4232,-540.0,540.0
2025-01-02,23,95.74,5082,1475,3607,-625.0,625.0
2025-01-03,0,117.1,4631,1580,3051,,
2025-01-03,1,105.0,4258,1499,2759,-292.0,292.0
2025-01-03,2,97.0,4131,1363,2768,9.0,9.0
2025-01-03,3,97.0,3969,1375,2594,-174.0,174.0
2025-01-03,4,99.78,3887,1390,2497,-97.0,97.0
2025-01-03,5,105.0,4000,1502,2498,1.0,1.0
2025-01-03,6,121.98,4372,1441,2931,433.0,433.0
2025-01-03,7,141.01,4942,1448,3494,563.0,563.0
2025-01-03,8,141.68,5122,1708,3414,-80.0,80.0
2025-01-03,9,137.29,4390,2341,2049,-1365.0,1365.0
2025-01-03,10,118.26,3508,2940,568,-1481.0,1481.0
2025-01-03,11,102.42,2936,3112,-176,-744.0,744.0
2025-01-03,12,101.82,2705,3285,-580,-404.0,404.0
2025-01-03,13,109.12,2866,3326,-460,120.0,120.0
2025-01-03,14,117.0,3233,3089,144,604.0,604.0
2025-01-03,15,132.2,4188,2889,1299,1155.0,1155.0
2025-01-03,16,155.56,5351,2561,2790,1491.0,1491.0
2025-01-03,17,152.0,6090,2391,3699,909.0,909.0
2025-01-03,18,150.0,6498,2313,4185,486.0,486.0
2025-01-03,19,149.66,6512,2194,4318,133.0,133.0
2025-01-03,20,138.09,6387,2190,4197,-121.0,121.0
2025-01-03,21,122.13,5975,2218,3757,-440.0,440.0
2025-01-03,22,129.58,5485,2317,3168,-589.0,589.0
2025-01-03,23,123.92,5077,2328,2749,-419.0,419.0
2025-01-04,0,110.98,4624,2273,2351,,
2025-01-04,1,120.0,4239,2217,2022,-329.0,329.0
2025-01-04,2,111.97,4095,2215,1880,-142.0,142.0
2025-01-04,3,105.4,3912,2263,1649,-231.0,231.0
2025-01-04,4,111.65,3874,2139,1735,86.0,86.0
2025-01-04,5,104.52,3930,1884,2046,311.0,311.0
2025-01-04,6,111.75,4126,1623,2503,457.0,457.0
2025-01-04,7,128.99,4445,1438,3007,504.0,504.0
2025-01-04,8,128.39,4694,1271,3423,416.0,416.0
2025-01-04,9,130.75,4620,1263,3357,-66.0,66.0
2025-01-04,10,130.34,4048,1627,2421,-936.0,936.0
2025-01-04,11,128.29,3570,1987,1583,-838.0,838.0
2025-01-04,12,130.03,3495,1903,1592,9.0,9.0
2025-01-04,13,129.85,3654,1560,2094,502.0,502.0
2025-01-04,14,136.4,4024,1212,2812,718.0,718.0
2025-01-04,15,143.93,4812,915,3897,1085.0,1085.0
2025-01-04,16,191.68,5531,729,4802,905.0,905.0
2025-01-04,17,189.26,6047,646,5401,599.0,599.0
2025-01-04,18,191.0,6310,647,5663,262.0,262.0
2025-01-04,19,192.33,6275,707,5568,-95.0,95.0
2025-01-04,20,160.19,6081,716,5365,-203.0,203.0
2025-01-04,21,153.29,5716,784,4932,-433.0,433.0
2025-01-04,22,147.08,5289,963,4326,-606.0,606.0
2025-01-04,23,121.99,4979,910,4069,-257.0,257.0
2025-01-05,0,112.62,4633,804,3829,,
2025-01-05,1,112.0,4245,657,3588,-241.0,241.0
2025-01-05,2,101.04,4077,614,3463,-125.0,125.0
2025-01-05,3,99.49,3860,615,3245,-218.0,218.0
2025-01-05,4,99.52,3813,594,3219,-26.0,26.0
2025-01-05,5,99.54,3834,526,3308,89.0,89.0
2025-01-05,6,92.87,3944,406,3538,230.0,230.0
2025-01-05,7,115.86,4173,342,3831,293.0,293.0
2025-01-05,8,97.88,4166,432,3734,-97.0,97.0
2025-01-05,9,99.52,3842,862,2980,-754.0,754.0
2025-01-05,10,95.51,3217,1262,1955,-1025.0,1025.0
2025-01-05,11,100.27,2764,1554,1210,-745.0,745.0
2025-01-05,12,96.72,2494,1708,786,-424.0,424.0
2025-01-05,13,104.49,2366,1804,562,-224.0,224.0
2025-01-05,14,115.39,2459,1699,760,198.0,198.0
2025-01-05,15,141.72,3248,1353,1895,1135.0,1135.0
2025-01-05,16,216.4,4409,858,3551,1656.0,1656.0
2025-01-05,17,185.18,5328,660,4668,1117.0,1117.0
2025-01-05,18,165.0,5806,723,5083,415.0,415.0
2025-01-05,19,166.0,5898,735,5163,80.0,80.0
2025-01-05,20,159.98,5891,816,5075,-88.0,88.0
2025-01-05,21,149.18,5675,895,4780,-295.0,295.0
2025-01-05,22,123.05,5278,890,4388,-392.0,392.0
2025-01-05,23,116.79,4924,869,4055,-333.0,333.0
2025-01-06,0,107.63,4447,883,3564,,
2025-01-06,1,118.91,4085,932,3153,-411.0,411.0
2025-01-06,2,101.0,3934,983,2951,-202.0,202.0
2025-01-06,3,99.81,3779,1135,2644,-307.0,307.0
2025-01-06,4,99.85,3693,1190,2503,-141.0,141.0
2025-01-06,5,103.01,3732,1152,2580,77.0,77.0
2025-01-06,6,129.58,3907,1132,2775,195.0,195.0
2025-01-06,7,133.52,4124,1114,3010,235.0,235.0
2025-01-06,8,130.72,4084,1220,2864,-146.0,146.0
2025-01-06,9,113.27,3527,1625,1902,-962.0,962.0
2025-01-06,10,94.88,2908,1931,977,-925.0,925.0
2025-01-06,11,74.64,2590,2128,462,-515.0,515.0
2025-01-06,12,80.05,2482,2277,205,-257.0,257.0
2025-01-06,13,101.12,2367,2336,31,-174.0,174.0
2025-01-06,14,116.55,2394,2232,162,131.0,131.0
2025-01-06,15,138.34,3112,1806,1306,1144.0,1144.0
2025-01-06,16,148.33,4314,1258,3056,1750.0,1750.0
2025-01-06,17,154.37,5163,977,4186,1130.0,1130.0
2025-01-06,18,155.32,5668,1053,4615,429.0,429.0
2025-01-06,19,153.3,5772,1022,4750,135.0,135.0
2025-01-06,20,147.36,5749,1081,4668,-82.0,82.0
2025-01-06,21,122.76,5537,1130,4407,-261.0,261.0
2025-01-06,22,116.9,5162,1149,4013,-394.0,394.0
2025-01-06,23,87.08,4773,1137,3636,-377.0,377.0
2025-01-07,0,97.0,4321,1212,3109,,
2025-01-07,1,99.45,3942,1277,2665,-444.0,444.0
2025-01-07,2,97.0,3820,1328,2492,-173.0,173.0
2025-01-07,3,89.37,3687,1363,2324,-168.0,168.0
2025-01-07,4,94.62,3640,1304,2336,12.0,12.0
2025-01-07,5,98.14,3815,1244,2571,235.0,235.0
2025-01-07,6,133.42,4283,1246,3037,466.0,466.0
2025-01-07,7,165.11,4943,1226,3717,680.0,680.0
2025-01-07,8,152.33,5460,1290,4170,453.0,453.0
2025-01-07,9,132.99,5645,1657,3988,-182.0,182.0
2025-01-07,10,122.49,5432,2105,3327,-661.0,661.0
2025-01-07,11,122.41,5251,2506,2745,-582.0,582.0
2025-01-07,12,123.72,5123,2483,2640,-105.0,105.0
2025-01-07,13,133.16,5247,2467,2780,140.0,140.0
2025-01-07,14,140.51,5251,2425,2826,46.0,46.0
2025-01-07,15,148.49,5718,2187,3531,705.0,705.0
2025-01-07,16,161.46,6054,1949,4105,574.0,574.0
2025-01-07,17,170.0,6391,1858,4533,428.0,428.0
2025-01-07,18,162.14,6684,1790,4894,361.0,361.0
2025-01-07,19,158.88,6704,1706,4998,104.0,104.0
2025-01-07,20,150.0,6603,1720,4883,-115.0,115.0
2025-01-07,21,134.19,6174,1697,4477,-406.0,406.0
2025-01-07,22,121.36,5661,1815,3846,-631.0,631.0
2025-01-07,23,105.85,5173,1924,3249,-597.0,597.0
2025-01-08,0,83.6,4649,1990,2659,,
2025-01-08,1,74.65,4241,1954,2287,-372.0,372.0
2025-01-08,2,72.07,4242,1766,2476,189.0,189.0
2025-01-08,3,68.96,4092,1717,2375,-101.0,101.0
2025-01-08,4,83.15,4121,1628,2493,118.0,118.0
2025-01-08,5,108.01,4299,1487,2812,319.0,319.0
2025-01-08,6,129.92,4641,1414,3227,415.0,415.0
2025-01-08,7,150.61,5328,1428,3900,673.0,673.0
2025-01-08,8,151.67,5633,1402,4231,331.0,331.0
2025-01-08,9,123.67,5498,1621,3877,-354.0,354.0
2025-01-08,10,107.16,5097,1912,3185,-692.0,692.0
2025-01-08,11,101.76,4723,2049,2674,-511.0,511.0
2025-01-08,12,103.29,4510,2070,2440,-234.0,234.0
2025-01-08,13,114.95,4365,2079,2286,-154.0,154.0
2025-01-08,14,124.83,4369,1933,2436,150.0,150.0
2025-01-08,15,143.39,4851,1717,3134,698.0,698.0
2025-01-08,16,152.73,5463,1297,4166,1032.0,1032.0
2025-01-08,17,155.23,6083,1217,4866,700.0,700.0
2025-01-08,18,152.01,6511,1184,5327,461.0,461.0
2025-01-08,19,150.35,6588,1115,5473,146.0,146.0
2025-01-08,20,139.0,6518,951,5567,94.0,94.0
2025-01-08,21,126.19,6126,894,5232,-335.0,335.0
2025-01-08,22,117.14,5596,849,4747,-485.0,485.0
2025-01-08,23,107.0,5176,903,4273,-474.0,474.0
2025-01-09,0,113.3,4675,890,3785,,
2025-01-09,1,106.65,4312,779,3533,-252.0,252.0
2025-01-09,2,104.04,4283,646,3637,104.0,104.0
2025-01-09,3,102.88,4152,578,3574,-63.0,63.0
2025-01-09,4,105.28,4130,581,3549,-25.0,25.0
2025-01-09,5,110.36,4267,585,3682,133.0,133.0
2025-01-09,6,134.4,4769,627,4142,460.0,460.0
2025-01-09,7,144.63,5410,592,4818,676.0,676.0
2025-01-09,8,157.81,5642,762,4880,62.0,62.0
2025-01-09,9,150.25,5245,1267,3978,-902.0,902.0
2025-01-09,10,142.11,4637,1724,2913,-1065.0,1065.0
2025-01-09,11,134.0,4233,2030,2203,-710.0,710.0
2025-01-09,12,118.78,4094,2112,1982,-221.0,221.0
2025-01-09,13,120.97,4060,2215,1845,-137.0,137.0
2025-01-09,14,125.39,4128,2187,1941,96.0,96.0
2025-01-09,15,133.57,4670,1899,2771,830.0,830.0
2025-01-09,16,159.81,5329,1346,3983,1212.0,1212.0
2025-01-09,17,154.42,5907,1139,4768,785.0,785.0
2025-01-09,18,158.0,6380,1053,5327,559.0,559.0
2025-01-09,19,144.49,6451,964,5487,160.0,160.0
2025-01-09,20,135.0,6391,1019,5372,-115.0,115.0
2025-01-09,21,119.78,5997,1102,4895,-477.0,477.0
2025-01-09,22,115.16,5585,1271,4314,-581.0,581.0
2025-01-09,23,104.27,5111,1300,3811,-503.0,503.0
2025-01-10,0,86.97,4610,1349,3261,,
2025-01-10,1,90.0,4215,1313,2902,-359.0,359.0
2025-01-10,2,75.69,4101,1303,2798,-104.0,104.0
2025-01-10,3,73.95,3989,1411,2578,-220.0,220.0
2025-01-10,4,80.0,3976,1487,2489,-89.0,89.0
2025-01-10,5,107.01,4155,1528,2627,138.0,138.0
2025-01-10,6,132.6,4604,1434,3170,543.0,543.0
2025-01-10,7,167.26,5330,1411,3919,749.0,749.0
2025-01-10,8,158.97,5604,1470,4134,215.0,215.0
2025-01-10,9,141.38,5332,1812,3520,-614.0,614.0
2025-01-10,10,123.57,4545,2250,2295,-1225.0,1225.0
2025-01-10,11,113.59,3960,2468,1492,-803.0,803.0
2025-01-10,12,105.76,3628,2524,1104,-388.0,388.0
2025-01-10,13,105.01,3364,2434,930,-174.0,174.0
2025-01-10,14,110.01,3287,2336,951,21.0,21.0
2025-01-10,15,128.69,4014,2002,2012,1061.0,1061.0
2025-01-10,16,159.18,5066,1694,3372,1360.0,1360.0
2025-01-10,17,149.64,5839,1473,4366,994.0,994.0
2025-01-10,18,149.54,6284,1569,4715,349.0,349.0
2025-01-10,19,148.37,6316,1607,4709,-6.0,6.0
2025-01-10,20,135.0,6224,1594,4630,-79.0,79.0
2025-01-10,21,122.51,5854,1575,4279,-351.0,351.0
2025-01-10,22,119.88,5434,1446,3988,-291.0,291.0
2025-01-10,23,113.25,5068,1311,3757,-231.0,231.0
2025-01-11,0,108.54,4652,1280,3372,,
2025-01-11,1,99.82,4302,1353,2949,-423.0,423.0
2025-01-11,2,96.2,4197,1357,2840,-109.0,109.0
2025-01-11,3,91.58,4050,1437,2613,-227.0,227.0
2025-01-11,4,90.86,3966,1468,2498,-115.0,115.0
2025-01-11,5,91.96,4026,1359,2667,169.0,169.0
2025-01-11,6,93.24,4219,1364,2855,188.0,188.0
2025-01-11,7,118.23,4573,1336,3237,382.0,382.0
2025-01-11,8,116.99,4761,1345,3416,179.0,179.0
2025-01-11,9,127.74,4694,1533,3161,-255.0,255.0
2025-01-11,10,104.35,4209,1914,2295,-866.0,866.0
2025-01-11,11,99.81,3857,2036,1821,-474.0,474.0
2025-01-11,12,96.84,3644,2106,1538,-283.0,283.0
2025-01-11,13,93.15,3892,1844,2048,510.0,510.0
2025-01-11,14,103.95,4148,1731,2417,369.0,369.0
2025-01-11,15,105.98,4793,1438,3355,938.0,938.0
2025-01-11,16,148.74,5291,1180,4111,756.0,756.0
2025-01-11,17,155.2,5825,1008,4817,706.0,706.0
2025-01-11,18,150.01,6180,1012,5168,351.0,351.0
2025-01-11,19,150.01,6122,961,5161,-7.0,7.0
2025-01-11,20,136.87,5925,901,5024,-137.0,137.0
2025-01-11,21,122.41,5575,745,4830,-194.0,194.0
2025-01-11,22,114.86,5195,736,4459,-371.0,371.0
2025-01-11,23,105.84,4887,727,4160,-299.0,299.0
2025-01-12,0,107.48,4565,804,3761,,
2025-01-12,1,97.57,4184,883,3301,-460.0,460.0
2025-01-12,2,90.0,4053,908,3145,-156.0,156.0
2025-01-12,3,85.91,3872,967,2905,-240.0,240.0
2025-01-12,4,85.0,3732,1041,2691,-214.0,214.0
2025-01-12,5,85.0,3744,1119,2625,-66.0,66.0
2025-01-12,6,87.41,3939,1243,2696,71.0,71.0
2025-01-12,7,101.75,4104,1419,2685,-11.0,11.0
2025-01-12,8,116.31,4235,1533,2702,17.0,17.0
2025-01-12,9,120.07,4407,1706,2701,-1.0,1.0
2025-01-12,10,117.77,4530,1750,2780,79.0,79.0
2025-01-12,11,105.61,4682,1855,2827,47.0,47.0
2025-01-12,12,102.99,4804,1637,3167,340.0,340.0
2025-01-12,13,99.61,4842,1487,3355,188.0,188.0
2025-01-12,14,105.34,4672,1400,3272,-83.0,83.0
2025-01-12,15,120.0,4879,1445,3434,162.0,162.0
2025-01-12,16,135.0,5172,1446,3726,292.0,292.0
2025-01-12,17,142.46,5459,1501,3958,232.0,232.0
2025-01-12,18,146.66,5877,1472,4405,447.0,447.0
2025-01-12,19,144.12,5887,1614,4273,-132.0,132.0
2025-01-12,20,135.77,5819,1626,4193,-80.0,80.0
2025-01-12,21,127.74,5632,1852,3780,-413.0,413.0
2025-01-12,22,121.48,5237,1845,3392,-388.0,388.0
2025-01-12,23,114.9,4838,1891,2947,-445.0,445.0
2025-01-13,0,105.0,4398,1903,2495,,
2025-01-13,1,105.0,4090,2000,2090,-405.0,405.0
2025-01-13,2,102.48,3970,2087,1883,-207.0,207.0
2025-01-13,3,99.86,3850,2112,1738,-145.0,145.0
2025-01-13,4,100.0,3840,2046,1794,56.0,56.0
2025-01-13,5,110.17,4019,2169,1850,56.0,56.0
2025-01-13,6,129.3,4611,2240,2371,521.0,521.0
2025-01-13,7,154.67,5488,2094,3394,1023.0,1023.0
2025-01-13,8,186.0,6158,2007,4151,757.0,757.0
2025-01-13,9,175.0,6813,1961,4852,701.0,701.0
2025-01-13,10,141.08,7046,1960,5086,234.0,234.0
2025-01-13,11,122.68,7125,1899,5226,140.0,140.0
2025-01-13,12,117.7,7173,2162,5011,-215.0,215.0
2025-01-13,13,123.6,7007,2358,4649,-362.0,362.0
2025-01-13,14,130.96,6865,2334,4531,-118.0,118.0
2025-01-13,15,144.28,6929,2407,4522,-9.0,9.0
2025-01-13,16,154.99,6833,2449,4384,-138.0,138.0
2025-01-13,17,156.83,6991,2445,4546,162.0,162.0
2025-01-13,18,157.07,7274,2470,4804,258.0,258.0
2025-01-13,19,154.66,7292,2511,4781,-23.0,23.0
2025-01-13,20,141.32,7177,2513,4664,-117.0,117.0
2025-01-13,21,128.97,6728,2544,4184,-480.0,480.0
2025-01-13,22,119.17,6132,2586,3546,-638.0,638.0
2025-01-13,23,107.8,5534,2566,2968,-578.0,578.0
2025-01-14,0,103.05,4942,2557,2385,,
2025-01-14,1,106.29,4534,2580,1954,-431.0,431.0
2025-01-14,2,101.94,4378,2578,1800,-154.0,154.0
2025-01-14,3,100.62,4230,2587,1643,-157.0,157.0
2025-01-14,4,103.8,4196,2595,1601,-42.0,42.0
2025-01-14,5,109.03,4363,2608,1755,154.0,154.0
2025-01-14,6,138.13,4914,2585,2329,574.0,574.0
2025-01-14,7,152.4,5833,2575,3258,929.0,929.0
2025-01-14,8,185.47,6452,2565,3887,629.0,629.0
2025-01-14,9,151.98,7059,2589,4470,583.0,583.0
2025-01-14,10,130.11,7288,2625,4663,193.0,193.0
2025-01-14,11,123.46,7284,2705,4579,-84.0,84.0
2025-01-14,12,119.13,7298,2808,4490,-89.0,89.0
2025-01-14,13,120.0,7225,2822,4403,-87.0,87.0
2025-01-14,14,135.6,7034,2787,4247,-156.0,156.0
2025-01-14,15,154.9,7159,2722,4437,190.0,190.0
2025-01-14,16,160.0,7196,2589,4607,170.0,170.0
2025-01-14,17,203.51,7377,2385,4992,385.0,385.0
2025-01-14,18,188.31,7684,2344,5340,348.0,348.0
2025-01-14,19,189.54,7705,2341,5364,24.0,24.0
2025-01-14,20,167.62,7545,2356,5189,-175.0,175.0
2025-01-14,21,150.0,6984,2347,4637,-552.0,552.0
2025-01-14,22,145.0,6373,2269,4104,-533.0,533.0
2025-01-14,23,124.32,5794,2153,3641,-463.0,463.0
2025-01-15,0,119.98,5189,1981,3208,,
2025-01-15,1,111.6,4729,1867,2862,-346.0,346.0
2025-01-15,2,110.69,4588,1693,2895,33.0,33.0
2025-01-15,3,108.67,4428,1602,2826,-69.0,69.0
2025-01-15,4,118.11,4431,1555,2876,50.0,50.0
2025-01-15,5,132.62,4577,1456,3121,245.0,245.0
2025-01-15,6,152.22,5199,1339,3860,739.0,739.0
2025-01-15,7,197.46,6072,1269,4803,943.0,943.0
2025-01-15,8,224.41,6530,1140,5390,587.0,587.0
2025-01-15,9,160.57,6566,1093,5473,83.0,83.0
2025-01-15,10,153.43,6460,1131,5329,-144.0,144.0
2025-01-15,11,143.77,6084,1196,4888,-441.0,441.0
2025-01-15,12,145.52,6051,1228,4823,-65.0,65.0
2025-01-15,13,148.51,6085,1153,4932,109.0,109.0
2025-01-15,14,290.53,6234,904,5330,398.0,398.0
2025-01-15,15,327.98,6629,790,5839,509.0,509.0
2025-01-15,16,386.98,6913,686,6227,388.0,388.0
2025-01-15,17,452.13,7219,729,6490,263.0,263.0
2025-01-15,18,430.59,7578,762,6816,326.0,326.0
2025-01-15,19,416.51,7580,883,6697,-119.0,119.0
2025-01-15,20,186.3,7462,965,6497,-200.0,200.0
2025-01-15,21,152.9,7006,949,6057,-440.0,440.0
2025-01-15,22,143.29,6466,960,5506,-551.0,551.0
2025-01-15,23,123.9,5886,955,4931,-575.0,575.0
2025-01-16,0,126.33,5259,1034,4225,,
2025-01-16,1,122.83,4813,1038,3775,-450.0,450.0
2025-01-16,2,118.25,4671,1135,3536,-239.0,239.0
2025-01-16,3,115.91,4503,1231,3272,-264.0,264.0
2025-01-16,4,119.37,4498,1334,3164,-108.0,108.0
2025-01-16,5,129.16,4651,1433,3218,54.0,54.0
2025-01-16,6,163.8,5210,1487,3723,505.0,505.0
2025-01-16,7,204.18,6091,1520,4571,848.0,848.0
2025-01-16,8,206.06,6561,1532,5029,458.0,458.0
2025-01-16,9,175.0,6573,1582,4991,-38.0,38.0
2025-01-16,10,151.9,6385,1702,4683,-308.0,308.0
2025-01-16,11,140.64,6095,1842,4253,-430.0,430.0
2025-01-16,12,134.76,5992,1879,4113,-140.0,140.0
2025-01-16,13,137.98,6015,1885,4130,17.0,17.0
2025-01-16,14,145.1,6020,1858,4162,32.0,32.0
2025-01-16,15,167.36,6388,1860,4528,366.0,366.0
2025-01-16,16,180.0,6730,1900,4830,302.0,302.0
2025-01-16,17,191.55,7090,1952,5138,308.0,308.0
2025-01-16,18,184.32,7443,2033,5410,272.0,272.0
2025-01-16,19,179.97,7482,2158,5324,-86.0,86.0
2025-01-16,20,159.6,7350,2248,5102,-222.0,222.0
2025-01-16,21,148.95,6895,2230,4665,-437.0,437.0
2025-01-16,22,140.55,6303,2188,4115,-550.0,550.0
2025-01-16,23,129.85,5781,2141,3640,-475.0,475.0
2025-01-17,0,123.18,5161,2164,2997,,
2025-01-17,1,121.74,4707,2193,2514,-483.0,483.0
2025-01-17,2,118.71,4558,2339,2219,-295.0,295.0
2025-01-17,3,116.94,4395,2456,1939,-280.0,280.0
2025-01-17,4,117.21,4363,2595,1768,-171.0,171.0
2025-01-17,5,123.57,4543,2579,1964,196.0,196.0
2025-01-17,6,140.8,5109,2542,2567,603.0,603.0
2025-01-17,7,175.01,5974,2552,3422,855.0,855.0
2025-01-17,8,176.83,6169,2688,3481,59.0,59.0
2025-01-17,9,149.26,5665,3048,2617,-864.0,864.0
2025-01-17,10,122.15,5031,3380,1651,-966.0,966.0
2025-01-17,11,102.01,4392,3640,752,-899.0,899.0
2025-01-17,12,102.29,4075,3575,500,-252.0,252.0
2025-01-17,13,117.0,4060,3495,565,65.0,65.0
2025-01-17,14,133.68,4408,3225,1183,618.0,618.0
2025-01-17,15,152.2,5216,2711,2505,1322.0,1322.0
2025-01-17,16,173.59,6129,2121,4008,1503.0,1503.0
2025-01-17,17,179.35,6815,1845,4970,962.0,962.0
2025-01-17,18,179.92,7218,2002,5216,246.0,246.0
2025-01-17,19,174.22,7209,2019,5190,-26.0,26.0
2025-01-17,20,157.91,7043,1982,5061,-129.0,129.0
2025-01-17,21,145.0,6562,2082,4480,-581.0,581.0
2025-01-17,22,139.97,6112,2032,4080,-400.0,400.0
2025-01-17,23,127.92,5681,1806,3875,-205.0,205.0
2025-01-18,0,126.09,5157,1820,3337,,
2025-01-18,1,121.2,4689,1865,2824,-513.0,513.0
2025-01-18,2,121.36,4518,1854,2664,-160.0,160.0
2025-01-18,3,118.9,4360,1870,2490,-174.0,174.0
2025-01-18,4,116.94,4257,1809,2448,-42.0,42.0
2025-01-18,5,119.82,4305,1734,2571,123.0,123.0
2025-01-18,6,123.63,4601,1606,2995,424.0,424.0
2025-01-18,7,135.37,5011,1465,3546,551.0,551.0
2025-01-18,8,145.9,4932,1477,3455,-91.0,91.0
2025-01-18,9,97.82,4009,2037,1972,-1483.0,1483.0
2025-01-18,10,79.0,3132,2523,609,-1363.0,1363.0
2025-01-18,11,41.09,2516,2719,-203,-812.0,812.0
2025-01-18,12,75.0,2284,2705,-421,-218.0,218.0
2025-01-18,13,106.0,2364,2442,-78,343.0,343.0
2025-01-18,14,119.58,2575,2196,379,457.0,457.0
2025-01-18,15,138.54,3433,2045,1388,1009.0,1009.0
2025-01-18,16,172.32,4827,1503,3324,1936.0,1936.0
2025-01-18,17,172.53,5939,1089,4850,1526.0,1526.0
2025-01-18,18,167.57,6513,1143,5370,520.0,520.0
2025-01-18,19,167.85,6546,1167,5379,9.0,9.0
2025-01-18,20,156.12,6340,1177,5163,-216.0,216.0
2025-01-18,21,143.42,5995,1116,4879,-284.0,284.0
2025-01-18,22,136.4,5617,1064,4553,-326.0,326.0
2025-01-18,23,129.36,5347,1096,4251,-302.0,302.0
2025-01-19,0,129.88,4935,1140,3795,,
2025-01-19,1,124.89,4514,1102,3412,-383.0,383.0
2025-01-19,2,123.61,4335,1078,3257,-155.0,155.0
2025-01-19,3,121.24,4167,1039,3128,-129.0,129.0
2025-01-19,4,120.18,4050,1038,3012,-116.0,116.0
2025-01-19,5,120.0,4122,1057,3065,53.0,53.0
2025-01-19,6,121.67,4296,996,3300,235.0,235.0
2025-01-19,7,123.98,4553,925,3628,328.0,328.0
2025-01-19,8,123.66,4221,1054,3167,-461.0,461.0
2025-01-19,9,117.27,3205,1693,1512,-1655.0,1655.0
2025-01-19,10,98.74,2421,2163,258,-1254.0,1254.0
2025-01-19,11,46.33,2117,2334,-217,-475.0,475.0
2025-01-19,12,46.33,1938,2342,-404,-187.0,187.0
2025-01-19,13,107.51,1923,2326,-403,1.0,1.0
2025-01-19,14,116.81,2122,2119,3,406.0,406.0
2025-01-19,15,127.28,2942,1659,1283,1280.0,1280.0
2025-01-19,16,152.73,4363,889,3474,2191.0,2191.0
2025-01-19,17,167.73,5604,369,5235,1761.0,1761.0
2025-01-19,18,169.81,6312,367,5945,710.0,710.0
2025-01-19,19,170.0,6376,475,5901,-44.0,44.0
2025-01-19,20,164.79,6300,511,5789,-112.0,112.0
2025-01-19,21,157.0,6100,584,5516,-273.0,273.0
2025-01-19,22,133.82,5654,667,4987,-529.0,529.0
2025-01-19,23,123.81,5221,758,4463,-524.0,524.0
2025-01-20,0,122.44,4705,874,3831,,
2025-01-20,1,119.76,4267,960,3307,-524.0,524.0
2025-01-20,2,116.6,4158,1054,3104,-203.0,203.0
2025-01-20,3,114.41,4004,1096,2908,-196.0,196.0
2025-01-20,4,115.45,3955,1260,2695,-213.0,213.0
2025-01-20,5,129.57,4107,1455,2652,-43.0,43.0
2025-01-20,6,166.11,4720,1637,3083,431.0,431.0
2025-01-20,7,296.08,5630,1822,3808,725.0,725.0
2025-01-20,8,289.0,5691,2158,3533,-275.0,275.0
2025-01-20,9,264.46,5081,2703,2378,-1155.0,1155.0
2025-01-20,10,133.33,4250,3093,1157,-1221.0,1221.0
2025-01-20,11,113.84,3763,2992,771,-386.0,386.0
2025-01-20,12,115.77,3502,3012,490,-281.0,281.0
2025-01-20,13,126.76,3753,2708,1045,555.0,555.0
2025-01-20,14,186.5,4498,2173,2325,1280.0,1280.0
2025-01-20,15,209.3,5325,2039,3286,961.0,961.0
2025-01-20,16,235.0,6076,1690,4386,1100.0,1100.0
2025-01-20,17,276.18,6542,1576,4966,580.0,580.0
2025-01-20,18,289.0,6937,1608,5329,363.0,363.0
2025-01-20,19,289.0,6980,1692,5288,-41.0,41.0
2025-01-20,20,220.0,6915,1575,5340,52.0,52.0
2025-01-20,21,170.0,6499,1374,5125,-215.0,215.0
2025-01-20,22,153.58,5957,1193,4764,-361.0,361.0
2025-01-20,23,141.99,5386,1027,4359,-405.0,405.0
2025-01-21,0,136.0,4822,874,3948,,
2025-01-21,1,130.65,4456,748,3708,-240.0,240.0
2025-01-21,2,125.69,4389,741,3648,-60.0,60.0
2025-01-21,3,127.98,4265,792,3473,-175.0,175.0
2025-01-21,4,129.27,4198,742,3456,-17.0,17.0
2025-01-21,5,146.41,4401,717,3684,228.0,228.0
2025-01-21,6,205.19,4951,675,4276,592.0,592.0
2025-01-21,7,317.17,5710,708,5002,726.0,726.0
2025-01-21,8,333.41,6072,885,5187,185.0,185.0
2025-01-21,9,194.0,6227,1074,5153,-34.0,34.0
2025-01-21,10,176.4,6052,1194,4858,-295.0,295.0
2025-01-21,11,157.5,5977,1347,4630,-228.0,228.0
2025-01-21,12,151.36,6019,1522,4497,-133.0,133.0
2025-01-21,13,149.57,5812,1635,4177,-320.0,320.0
2025-01-21,14,216.28,5626,1500,4126,-51.0,51.0
2025-01-21,15,296.09,5773,1328,4445,319.0,319.0
2025-01-21,16,234.61,6034,1255,4779,334.0,334.0
2025-01-21,17,324.51,6505,1124,5381,602.0,602.0
2025-01-21,18,262.02,7036,1043,5993,612.0,612.0
2025-01-21,19,205.98,7165,917,6248,255.0,255.0
2025-01-21,20,178.15,7100,807,6293,45.0,45.0
2025-01-21,21,157.15,6636,784,5852,-441.0,441.0
2025-01-21,22,143.49,6078,770,5308,-544.0,544.0
2025-01-21,23,135.88,5543,766,4777,-531.0,531.0
2025-01-22,0,131.15,4957,880,4077,,
2025-01-22,1,125.75,4496,910,3586,-491.0,491.0
2025-01-22,2,123.93,4415,857,3558,-28.0,28.0
2025-01-22,3,124.01,4329,796,3533,-25.0,25.0
2025-01-22,4,125.84,4278,727,3551,18.0,18.0
2025-01-22,5,138.2,4433,679,3754,203.0,203.0
2025-01-22,6,205.36,5007,704,4303,549.0,549.0
2025-01-22,7,335.72,5814,660,5154,851.0,851.0
2025-01-22,8,206.17,5817,892,4925,-229.0,229.0
2025-01-22,9,136.51,5203,1461,3742,-1183.0,1183.0
2025-01-22,10,121.07,4313,1886,2427,-1315.0,1315.0
2025-01-22,11,119.33,3631,2180,1451,-976.0,976.0
2025-01-22,12,116.48,3333,2256,1077,-374.0,374.0
2025-01-22,13,120.0,3170,2250,920,-157.0,157.0
2025-01-22,14,148.0,3339,2158,1181,261.0,261.0
2025-01-22,15,199.35,4007,1778,2229,1048.0,1048.0
2025-01-22,16,260.93,5050,1160,3890,1661.0,1661.0
2025-01-22,17,274.66,6115,698,5417,1527.0,1527.0
2025-01-22,18,220.29,6772,650,6122,705.0,705.0
2025-01-22,19,212.53,6912,555,6357,235.0,235.0
2025-01-22,20,217.21,6870,509,6361,4.0,4.0
2025-01-22,21,166.43,6462,500,5962,-399.0,399.0
2025-01-22,22,150.92,5985,533,5452,-510.0,510.0
2025-01-22,23,140.0,5478,544,4934,-518.0,518.0
2025-01-23,0,128.65,4915,572,4343,,
2025-01-23,1,123.55,4526,594,3932,-411.0,411.0
2025-01-23,2,110.35,4380,614,3766,-166.0,166.0
2025-01-23,3,109.05,4233,664,3569,-197.0,197.0
2025-01-23,4,115.28,4210,702,3508,-61.0,61.0
2025-01-23,5,126.84,4400,634,3766,258.0,258.0
2025-01-23,6,179.91,4964,543,4421,655.0,655.0
2025-01-23,7,207.89,5756,542,5214,793.0,793.0
2025-01-23,8,171.97,5735,820,4915,-299.0,299.0
2025-01-23,9,150.58,4786,1474,3312,-1603.0,1603.0
2025-01-23,10,104.42,3816,1926,1890,-1422.0,1422.0
2025-01-23,11,97.61,3304,2181,1123,-767.0,767.0
2025-01-23,12,95.28,3119,2320,799,-324.0,324.0
2025-01-23,13,103.57,3053,2228,825,26.0,26.0
2025-01-23,14,152.2,3327,1983,1344,519.0,519.0
2025-01-23,15,158.0,4008,1819,2189,845.0,845.0
2025-01-23,16,217.58,5096,1362,3734,1545.0,1545.0
2025-01-23,17,220.59,6033,1173,4860,1126.0,1126.0
2025-01-23,18,205.16,6679,1168,5511,651.0,651.0
2025-01-23,19,196.21,6789,1145,5644,133.0,133.0
2025-01-23,20,207.2,6713,1057,5656,12.0,12.0
2025-01-23,21,163.79,6320,943,5377,-279.0,279.0
2025-01-23,22,160.56,5887,888,4999,-378.0,378.0
2025-01-23,23,133.78,5362,857,4505,-494.0,494.0
2025-01-24,0,122.59,4810,805,4005,,
2025-01-24,1,110.34,4481,736,3745,-260.0,260.0
2025-01-24,2,104.35,4338,697,3641,-104.0,104.0
2025-01-24,3,103.1,4197,630,3567,-74.0,74.0
2025-01-24,4,109.51,4141,585,3556,-11.0,11.0
2025-01-24,5,136.5,4283,556,3727,171.0,171.0
2025-01-24,6,173.66,4824,506,4318,591.0,591.0
2025-01-24,7,189.13,5569,571,4998,680.0,680.0
2025-01-24,8,169.0,5712,775,4937,-61.0,61.0
2025-01-24,9,151.21,5466,1153,4313,-624.0,624.0
2025-01-24,10,143.54,4902,1779,3123,-1190.0,1190.0
2025-01-24,11,107.18,4423,1982,2441,-682.0,682.0
2025-01-24,12,104.8,3965,2071,1894,-547.0,547.0
2025-01-24,13,125.0,3818,2010,1808,-86.0,86.0
2025-01-24,14,133.29,3979,1715,2264,456.0,456.0
2025-01-24,15,159.26,4566,1408,3158,894.0,894.0
2025-01-24,16,203.54,5348,788,4560,1402.0,1402.0
2025-01-24,17,204.18,6079,403,5676,1116.0,1116.0
2025-01-24,18,196.75,6651,379,6272,596.0,596.0
2025-01-24,19,192.29,6717,338,6379,107.0,107.0
2025-01-24,20,181.32,6633,324,6309,-70.0,70.0
2025-01-24,21,170.41,6232,325,5907,-402.0,402.0
2025-01-24,22,146.81,5760,325,5435,-472.0,472.0
2025-01-24,23,127.15,5326,323,5003,-432.0,432.0
2025-01-25,0,116.4,4888,312,4576,,
2025-01-25,1,106.79,4539,259,4280,-296.0,296.0
2025-01-25,2,103.51,4372,238,4134,-146.0,146.0
2025-01-25,3,99.53,4238,267,3971,-163.0,163.0
2025-01-25,4,90.76,4162,298,3864,-107.0,107.0
2025-01-25,5,99.37,4205,325,3880,16.0,16.0
2025-01-25,6,115.95,4502,492,4010,130.0,130.0
2025-01-25,7,124.78,4786,641,4145,135.0,135.0
2025-01-25,8,108.25,4641,944,3697,-448.0,448.0
2025-01-25,9,102.65,3653,1529,2124,-1573.0,1573.0
2025-01-25,10,95.0,2708,1911,797,-1327.0,1327.0
2025-01-25,11,67.13,2077,2141,-64,-861.0,861.0
2025-01-25,12,86.65,1766,2408,-642,-578.0,578.0
2025-01-25,13,85.36,1844,2666,-822,-180.0,180.0
2025-01-25,14,97.94,2059,2409,-350,472.0,472.0
2025-01-25,15,118.92,2794,2054,740,1090.0,1090.0
2025-01-25,16,156.51,3993,1430,2563,1823.0,1823.0
2025-01-25,17,158.87,5292,735,4557,1994.0,1994.0
2025-01-25,18,160.15,6039,686,5353,796.0,796.0
2025-01-25,19,160.5,6156,628,5528,175.0,175.0
2025-01-25,20,152.86,5974,539,5435,-93.0,93.0
2025-01-25,21,143.9,5716,622,5094,-341.0,341.0
2025-01-25,22,135.99,5299,709,4590,-504.0,504.0
2025-01-25,23,124.19,5023,803,4220,-370.0,370.0
2025-01-26,0,130.13,4654,886,3768,,
2025-01-26,1,119.03,4317,1016,3301,-467.0,467.0
2025-01-26,2,116.21,4177,1023,3154,-147.0,147.0
2025-01-26,3,110.35,4007,947,3060,-94.0,94.0
2025-01-26,4,110.34,3913,911,3002,-58.0,58.0
2025-01-26,5,112.48,3918,813,3105,103.0,103.0
2025-01-26,6,114.86,4063,770,3293,188.0,188.0
2025-01-26,7,122.15,4260,797,3463,170.0,170.0
2025-01-26,8,130.28,4170,892,3278,-185.0,185.0
2025-01-26,9,127.74,3848,1051,2797,-481.0,481.0
2025-01-26,10,108.62,3563,1208,2355,-442.0,442.0
2025-01-26,11,103.57,3421,1394,2027,-328.0,328.0
2025-01-26,12,97.01,3257,1306,1951,-76.0,76.0
2025-01-26,13,94.1,3167,1415,1752,-199.0,199.0
2025-01-26,14,110.34,3213,1169,2044,292.0,292.0
2025-01-26,15,120.13,3719,933,2786,742.0,742.0
2025-01-26,16,134.18,4398,627,3771,985.0,985.0
2025-01-26,17,143.28,5240,403,4837,1066.0,1066.0
2025-01-26,18,130.58,5918,404,5514,677.0,677.0
2025-01-26,19,133.78,6025,446,5579,65.0,65.0
2025-01-26,20,124.12,5903,427,5476,-103.0,103.0
2025-01-26,21,117.46,5676,490,5186,-290.0,290.0
2025-01-26,22,117.74,5267,596,4671,-515.0,515.0
2025-01-26,23,116.92,4853,767,4086,-585.0,585.0
2025-01-27,0,106.46,4373,862,3511,,
2025-01-27,1,118.85,4014,892,3122,-389.0,389.0
2025-01-27,2,99.54,3938,774,3164,42.0,42.0
2025-01-27,3,94.39,3851,725,3126,-38.0,38.0
2025-01-27,4,95.06,3804,675,3129,3.0,3.0
2025-01-27,5,119.99,3967,633,3334,205.0,205.0
2025-01-27,6,150.63,4560,566,3994,660.0,660.0
2025-01-27,7,178.44,5300,511,4789,795.0,795.0
2025-01-27,8,160.0,5510,601,4909,120.0,120.0
2025-01-27,9,130.29,5028,1050,3978,-931.0,931.0
2025-01-27,10,99.89,4235,1426,2809,-1169.0,1169.0
2025-01-27,11,96.27,3504,1664,1840,-969.0,969.0
2025-01-27,12,90.12,2966,1859,1107,-733.0,733.0
2025-01-27,13,103.84,2554,1931,623,-484.0,484.0
2025-01-27,14,130.0,2617,1835,782,159.0,159.0
2025-01-27,15,146.09,3312,1494,1818,1036.0,1036.0
2025-01-27,16,187.93,4523,822,3701,1883.0,1883.0
2025-01-27,17,183.57,5703,283,5420,1719.0,1719.0
2025-01-27,18,188.32,6421,203,6218,798.0,798.0
2025-01-27,19,186.0,6572,240,6332,114.0,114.0
2025-01-27,20,166.05,6519,313,6206,-126.0,126.0
2025-01-27,21,142.03,6141,374,5767,-439.0,439.0
2025-01-27,22,123.18,5638,430,5208,-559.0,559.0
2025-01-27,23,96.93,5135,453,4682,-526.0,526.0
2025-01-28,0,104.46,4651,516,4135,,
2025-01-28,1,110.97,4280,534,3746,-389.0,389.0
2025-01-28,2,103.62,4184,593,3591,-155.0,155.0
2025-01-28,3,99.76,4032,666,3366,-225.0,225.0
2025-01-28,4,103.44,3983,771,3212,-154.0,154.0
2025-01-28,5,116.91,4141,886,3255,43.0,43.0
2025-01-28,6,140.0,4663,918,3745,490.0,490.0
2025-01-28,7,142.0,5421,969,4452,707.0,707.0
2025-01-28,8,143.91,5569,1292,4277,-175.0,175.0
2025-01-28,9,128.42,5162,1750,3412,-865.0,865.0
2025-01-28,10,105.23,4642,2093,2549,-863.0,863.0
2025-01-28,11,75.0,4086,2330,1756,-793.0,793.0
2025-01-28,12,61.8,3796,2549,1247,-509.0,509.0
2025-01-28,13,85.0,3752,2686,1066,-181.0,181.0
2025-01-28,14,116.61,3856,2568,1288,222.0,222.0
2025-01-28,15,129.7,4450,2467,1983,695.0,695.0
2025-01-28,16,144.15,5127,2024,3103,1120.0,1120.0
2025-01-28,17,148.31,5801,1723,4078,975.0,975.0
2025-01-28,18,145.71,6410,1799,4611,533.0,533.0
2025-01-28,19,137.75,6532,1824,4708,97.0,97.0
2025-01-28,20,136.74,6473,1827,4646,-62.0,62.0
2025-01-28,21,119.42,6076,1868,4208,-438.0,438.0
2025-01-28,22,116.12,5578,1919,3659,-549.0,549.0
2025-01-28,23,96.02,5060,1953,3107,-552.0,552.0
2025-01-29,0,95.0,4583,1887,2696,,
2025-01-29,1,88.55,4215,1769,2446,-250.0,250.0
2025-01-29,2,82.97,4109,1743,2366,-80.0,80.0
2025-01-29,3,82.98,3986,1677,2309,-57.0,57.0
2025-01-29,4,88.33,3992,1525,2467,158.0,158.0
2025-01-29,5,112.23,4168,1445,2723,256.0,256.0
2025-01-29,6,143.08,4639,1409,3230,507.0,507.0
2025-01-29,7,160.0,5393,1526,3867,637.0,637.0
2025-01-29,8,145.34,5412,1757,3655,-212.0,212.0
2025-01-29,9,135.64,4880,2094,2786,-869.0,869.0
2025-01-29,10,110.09,4316,2451,1865,-921.0,921.0
2025-01-29,11,92.89,3739,2685,1054,-811.0,811.0
2025-01-29,12,45.94,3404,2901,503,-551.0,551.0
2025-01-29,13,86.36,3337,2881,456,-47.0,47.0
2025-01-29,14,97.02,3501,2982,519,63.0,63.0
2025-01-29,15,128.76,4052,2603,1449,930.0,930.0
2025-01-29,16,161.14,4843,2149,2694,1245.0,1245.0
2025-01-29,17,165.94,5598,1860,3738,1044.0,1044.0
2025-01-29,18,158.37,6202,1876,4326,588.0,588.0
2025-01-29,19,158.4,6332,1864,4468,142.0,142.0
2025-01-29,20,146.42,6283,1975,4308,-160.0,160.0
2025-01-29,21,135.85,5896,2037,3859,-449.0,449.0
2025-01-29,22,124.81,5391,2218,3173,-686.0,686.0
2025-01-29,23,104.95,4938,2294,2644,-529.0,529.0
2025-01-30,0,100.05,4410,2375,2035,,
2025-01-30,1,99.5,3986,2470,1516,-519.0,519.0
2025-01-30,2,97.82,3908,2463,1445,-71.0,71.0
2025-01-30,3,100.0,3806,2520,1286,-159.0,159.0
2025-01-30,4,99.68,3772,2522,1250,-36.0,36.0
2025-01-30,5,112.95,3954,2358,1596,346.0,346.0
2025-01-30,6,141.5,4438,1950,2488,892.0,892.0
2025-01-30,7,154.44,5166,1783,3383,895.0,895.0
2025-01-30,8,160.3,5384,1887,3497,114.0,114.0
2025-01-30,9,145.19,5446,1976,3470,-27.0,27.0
2025-01-30,10,110.01,5426,2206,3220,-250.0,250.0
2025-01-30,11,105.46,5180,2311,2869,-351.0,351.0
2025-01-30,12,113.0,4773,2259,2514,-355.0,355.0
2025-01-30,13,113.3,4463,2355,2108,-406.0,406.0
2025-01-30,14,129.9,4218,2349,1869,-239.0,239.0
2025-01-30,15,153.25,4465,1928,2537,668.0,668.0
2025-01-30,16,161.04,5128,1242,3886,1349.0,1349.0
2025-01-30,17,176.91,5769,893,4876,990.0,990.0
2025-01-30,18,173.14,6379,851,5528,652.0,652.0
2025-01-30,19,161.28,6550,705,5845,317.0,317.0
2025-01-30,20,151.26,6487,712,5775,-70.0,70.0
2025-01-30,21,134.96,6102,654,5448,-327.0,327.0
2025-01-30,22,126.89,5651,619,5032,-416.0,416.0
2025-01-30,23,120.2,5201,646,4555,-477.0,477.0
2025-01-31,0,120.0,4740,691,4049,,
2025-01-31,1,117.41,4298,653,3645,-404.0,404.0
2025-01-31,2,114.04,4196,654,3542,-103.0,103.0
2025-01-31,3,114.2,4034,643,3391,-151.0,151.0
2025-01-31,4,117.1,4017,640,3377,-14.0,14.0
2025-01-31,5,121.78,4155,626,3529,152.0,152.0
2025-01-31,6,148.61,4671,659,4012,483.0,483.0
2025-01-31,7,159.74,5447,587,4860,848.0,848.0
2025-01-31,8,163.7,5323,774,4549,-311.0,311.0
2025-01-31,9,117.22,4330,1385,2945,-1604.0,1604.0
2025-01-31,10,103.52,3340,1810,1530,-1415.0,1415.0
2025-01-31,11,39.7,2562,2038,524,-1006.0,1006.0
2025-01-31,12,41.45,2135,2180,-45,-569.0,569.0
2025-01-31,13,80.0,2052,2115,-63,-18.0,18.0
2025-01-31,14,119.98,2288,1962,326,389.0,389.0
2025-01-31,15,152.5,2986,1505,1481,1155.0,1155.0
2025-01-31,16,168.0,4150,859,3291,1810.0,1810.0
2025-01-31,17,200.01,5382,341,5041,1750.0,1750.0
2025-01-31,18,184.49,6088,188,5900,859.0,859.0
2025-01-31,19,179.0,6256,165,6091,191.0,191.0
2025-01-31,20,162.66,6200,127,6073,-18.0,18.0
2025-01-31,21,152.7,5892,123,5769,-304.0,304.0
2025-01-31,22,148.08,5528,115,5413,-356.0,356.0
2025-01-31,23,133.11,5158,116,5042,-371.0,371.0
